{"cameraMode":{"drawMode":0,"name":"Shaded","section":"Shading Mode"},"sceneLighting":true,"audioPlay":false,"sceneViewState":{"showFog":true,"showMaterialUpdate":false,"showSkybox":true,"showFlares":true,"showImageEffects":true,"showParticleSystems":true},"in2DMode":false,"pivot":{"x":0.829833984375,"y":2.73193359375,"z":2.798583984375},"rotation":{"x":0.3540145456790924,"y":0.5321695804595947,"z":-0.26156628131866457,"w":0.7235009074211121},"size":3.2907001972198488,"orthographic":true}